,income_group,income_group(numeric),pop_n,pop_n(m),pop_u,pop_u_val,pop_r,pop_u_r,wat_bas_n,wat_bas_R,wat_lim_n,wat_unimp_n,wat_sur_n,wat_bas_r,wat_lim_r,wat_unimp_r,wat_sur_r,wat_bas_u,wat_lim_u,wat_unimp_u,wat_sur_u,value_cnt
Tokelau,0,0,1.350000024,1,0,0,100,1.350000024,99.70767665,99.70767665,0,0.292323346,0,99.70767665,0,0.292323346,0,0,0,0,0,16
Niue,0,0,1.618000031,1,46.20200348,0.7475484306,53.79799652,0.8704516004,97.01087618,97.01087618,0,2.989123822,0,0,0,0,0,0,0,0,0,16
Falkland Islands (Malvinas),0,0,3.48300004,1,78.50799561,2.734433518,21.49200439,0.7485665215,95.3089274,95.3089274,,4.691072596,0,78.17294282,0,21.82705718,0,100,0,0,0,16
Montserrat,0,0,4.999000072,1,9.114999771,0.4556588451,90.88500023,4.543341227,98.07748262,98.07748262,0,1.922517378,0,0,0,0,0,0,0,0,0,16
Saint Pierre and Miquelon,0,0,5.795000076,1,89.96199799,5.213297852,10.03800201,0.5817022241,91.4,91.4,0,8.6,0,0,0,0,0,0,0,0,0,16
Saint Helena,0,0,6.071000099,1,40.08200073,2.433378304,59.91799927,3.637621795,99.1,99.1,0,0.9,0,0,0,0,0,0,0,0,0,16
Saint Barthelemy,0,0,9.885,1,100,9.885,0,0,100,100,0,0,0,0,0,0,0,100,0,0,0,16
Nauru,High income,4,10.83399963,1,100,10.83399963,0,0,100,100,0,0,0,0,0,0,0,100,0,0,0,16
Wallis and Futuna Islands,0,0,11.24600029,1,0,0,100,11.24600029,99.14328736,99.14328736,0,0.856712639,0,99.14328736,0,0.856712639,0,0,0,0,0,16
Tuvalu,Upper middle income,3,11.79199982,1,64.01399994,7.548530758,35.98600006,4.243469062,100,100,0,0,0,100,0,0,0,100,0,0,0,16
Cook Islands,0,0,17.56399918,1,75.49500275,13.25994166,24.50499725,4.304057516,99.97161022,99.97161022,0,0.028389783,0,0,0,0,0,0,0,0,0,16
Palau,Upper middle income,3,18.09199905,1,80.98799896,14.652348,19.01200104,3.439651048,99.6575455,99.6575455,0,0.342454498,0,99.75698503,0,0.243014968,0,99.63420199,0,0.365798008,0,16
British Virgin Islands,High income,4,30.23699951,1,48.51499939,14.66948013,51.48500061,15.56751938,99.86438356,99.86438356,0,0.135616438,0,0,0,0,0,0,0,0,0,16
Gibraltar,High income,4,33.69100189,1,100,33.69100189,0,0,100,100,0,0,0,0,0,0,0,100,0,0,0,16
San Marino,High income,4,33.93799973,1,97.49900055,33.08921054,2.50099945,0.8487891866,100,100,0,0,0,0,0,0,0,0,0,0,0,16
Liechtenstein,High income,4,38.13700104,1,14.41600037,5.497830211,85.58399963,32.63917083,100,100,0,0,0,0,0,0,0,0,0,0,0,16
Saint Martin (French part),High income,4,38.659,1,100,38.659,0,0,99.99927139,99.99927139,0,0.000728611,0,0,0,0,0,99.99927139,0,0.000728611,0,16
Monaco,High income,4,39.24399948,1,100,39.24399948,0,0,100,100,0,0,0,0,0,0,0,100,0,0,0,16
Faeroe Islands,High income,4,48.86500168,1,42.39799881,20.71778283,57.60200119,28.14721885,100,100,0,0,0,0,0,0,0,0,0,0,0,16
American Samoa,Upper middle income,3,55.1969986,1,87.15299988,48.10584012,12.84700012,7.091158476,99.77377166,99.77377166,0,0.226228342,0,0,0,0,0,0,0,0,0,16
Greenland,High income,4,56.77199936,1,87.28200531,49.5517395,12.71799469,7.220259864,100.0000017,100,0,0,0,100,0,0,0,100,0,0,0,16
Northern Mariana Islands,High income,4,57.55699921,1,91.79799652,52.83617213,8.20200348,4.720827078,100,100,0,0,0,0,0,0,0,0,0,0,0,16
Marshall Islands,Upper middle income,3,59.19400024,1,77.79399109,46.04937527,22.20600891,13.14462497,88.57204698,88.57204698,11.387979,0.039974026,0,94.42972,5.39028,0.18,0,86.9,13.1,0,0,16
Bermuda,High income,4,62.27299881,1,100,62.27299881,0,0,99.90314002,99.90314002,0,0.096859983,0,0,0,0,0,99.90314002,0,0.096859983,0,16
Andorra,High income,4,77.26499939,1,87.91600037,67.92829715,12.08399963,9.33670224,100.0000037,100,0,0,0,100,0,0,0,100,0,0,0,16
Isle of Man,High income,4,85.03199768,1,52.89800262,44.98022836,47.10199738,40.05176932,99.075,99.075,0,0.925,0,0,0,0,0,0,0,0,0,16
United States Virgin Islands,High income,4,104.4229965,1,95.93900299,100.1823817,4.06099701,4.240614766,98.71826738,98.71826738,0,1.281732624,0,0,0,0,0,0,0,0,0,16
Tonga,Upper middle income,3,105.6969986,1,23.09899902,24.41494867,76.90100098,81.28204993,98.73108083,98.73108083,0.881497296,0.387421878,0,98.46807854,1.103159706,0.428761755,0,99.60665819,0.143540536,0.249801276,0,16
Kiribati,Lower middle income,2,119.4459991,1,55.59399796,66.4048063,44.40600204,53.0411928,77.97092085,77.97092085,4.076899625,17.95217953,0,60.99418489,2.096609799,36.90920532,0,91.53117485,5.658666461,2.810158691,0,16
Guam,High income,4,168.7830048,1,94.93800354,160.2392151,5.06199646,8.543789728,99.6952,99.6952,0,0.3048,0,0,0,0,0,0,0,0,0,16
Saint Lucia,Upper middle income,3,183.6289978,1,18.8409996,34.59753874,81.1590004,149.0314591,96.88784457,96.88784457,1.815652166,1.296503269,0,96.81402383,1.734152255,1.451823918,0,97.20582219,2.166718886,0.627458924,0,16
Samoa,Lower middle income,2,198.4100037,1,17.88899994,35.49356544,82.11100006,162.9164383,91.83772455,91.83772455,6.520899952,1.418623428,0.222752068,91.78032287,6.220703339,1.72769216,0.271281633,92.10119,7.89881,0,0,16
Sao Tome and Principe,Lower middle income,2,219.1609955,1,74.35400391,162.9549752,25.64599609,56.20602034,78.22645516,78.22645516,20.23798298,0.443519928,1.09204193,74.30061449,19.71184258,1.729405704,4.258137228,79.5805429,20.4194571,0,0,16
Mayotte,0,0,272.8129883,1,45.75099945,124.8146688,54.24900055,147.9983195,96.37117971,96.37117971,0,3.628820295,0,0,0,0,0,0,0,0,0,16
French Polynesia,High income,4,280.9039917,1,61.97500229,174.0902553,38.02499771,106.8137364,100,100,0,0,0,0,0,0,0,0,0,0,0,16
New Caledonia,High income,4,285.4909973,1,71.51799774,204.177445,28.48200226,81.3135523,99.30532057,99.30532057,0,0.694679428,0,0,0,0,0,0,0,0,0,16
Barbados,High income,4,287.3710022,1,31.19099998,89.63388924,68.80900002,197.737113,98.51445042,98.51445042,0.267600576,1.217949005,0,0,0,0,0,0,0,0,0,16
French Guiana,0,0,298.6820068,1,85.81999969,256.3288973,14.18000031,42.35310949,93.78221635,93.78221635,0,6.217783652,0,0,0,0,0,0,0,0,0,16
Vanuatu,Lower middle income,2,307.1499939,1,25.52500153,78.40004064,74.47499847,228.7499533,91.23119075,91.23119075,1.06238505,0,7.706424202,88.39720123,1.255132675,0,10.3476661,99.5,0.5,0,0,16
Iceland,High income,4,341.25,1,93.897995,320.4269079,6.102005,20.82309206,99.99999721,99.99999721,0,2.79E-06,0,100,0,0,0,100,0,0,0,16
Martinique,0,0,375.2650146,1,89.13999939,334.5112317,10.86000061,40.75378287,99.84197078,99.84197078,0,0.158029216,0,0,0,0,0,0,0,0,0,16
Belize,Upper middle income,3,397.6210022,1,46.02500153,183.0050723,53.97499847,214.6159299,98.40195463,98.40195463,1.249110629,0.348934741,0,97.99520758,1.358317682,0.646474739,0,98.87896,1.12104,0,0,16
Guadeloupe,0,0,400.1270142,1,98.49899292,394.1210794,1.50100708,6.005934812,99.80312604,99.80312604,0,0.196873961,0,0,0,0,0,0,0,0,0,16
Brunei Darussalam,High income,4,437.4830017,1,78.25000763,342.3304822,21.74999237,95.15251949,99.9000368,99.9000368,0,0.0999632,0,0,0,0,0,99.65,0,0.35,0,16
Malta,High income,4,441.5390015,1,94.7440033,418.3317262,5.2559967,23.20727535,100.0000004,100,0,0,0,100,0,0,0,100,0,0,0,16
Maldives,Upper middle income,3,540.5419922,1,40.66899872,219.8330159,59.33100128,320.7089763,99.5444386,99.5444386,0.048050691,0.407510705,0,99.9190125,0.0809875,0,0,98.99798893,0,1.002011069,0,16
Cabo Verde,Lower middle income,2,555.9879761,1,66.65200043,370.5771082,33.34799957,185.4108679,88.76960642,88.76960642,7.904150846,3.209147716,0.117095014,80.11452544,9.911127022,9.623217003,0.35113054,93.1,6.9,0,0,16
Suriname,Upper middle income,3,586.6339722,1,66.14900208,388.0525185,33.85099792,198.5814537,97.98963167,97.98963167,1.067246941,0.379336507,0.563784884,96.57441263,1.60029586,0.159801795,1.66548972,98.71385387,0.794465237,0.491680893,0,16
Luxembourg,High income,4,625.9760132,1,91.4529953,572.4738139,8.5470047,53.50219927,99.87993254,99.87993254,0,0.120067465,0,98.5952381,0,1.404761905,0,100,0,0,0,16
Montenegro,Upper middle income,3,628.0620117,1,67.48800659,423.8665318,32.51199341,204.1954799,98.85691652,98.85691652,0.54547882,0.592312011,0.005292651,98.16188754,0,1.821833386,0.01627907,99.19173959,0.808260413,0,0,16
"China, Macao SAR",High income,4,649.34198,1,100,649.34198,0,0,100,100,0,0,0,0,0,0,0,100,0,0,0,16
Solomon Islands,Lower middle income,2,686.8779907,1,24.67000008,169.4528009,75.32999992,517.4251898,67.30102554,67.30102554,5.79547831,21.26784313,5.635653025,59.40526749,6.528523649,26.955911,7.110297857,91.41077689,3.557120425,3.899286137,1.132816553,16
Bhutan,Lower middle income,2,771.6119995,1,42.31599808,326.5153189,57.68400192,445.0966806,97.31322263,97.31322263,2.460712607,0.176424218,0.049640541,96.73119365,3.268806351,0,0,98.10662849,1.3591415,0.416920848,0.117309159,16
Guyana,Upper middle income,3,786.559021,1,26.7859993,210.6876939,73.2140007,575.8713271,95.55480685,95.55480685,1.205244408,1.143069849,2.096878897,93.9284905,1.646193862,1.561274833,2.864040809,100,0,0,0,16
RÃ©union,0,0,895.3079834,1,99.65900421,892.2550209,0.34099579,3.052962531,100,100,0,0,0,0,0,0,0,0,0,0,0,16
Fiji,Upper middle income,3,896.4439697,1,57.24700546,513.1873283,42.75299454,383.2566414,94.30106524,94.30106524,0,3.318602766,2.380331999,89.08802405,0,5.759897938,5.152078012,98.19424406,0,1.495409344,0.310346592,16
Djibouti,Lower middle income,2,988.0020142,1,78.06199646,771.2540973,21.93800354,216.7479169,76.04992021,76.04992021,14.7574817,7.015876051,2.176722038,47.28073293,12.06161014,30.73550468,9.922152249,84.13501493,15.51511107,0.349874003,0,16
Eswatini,Lower middle income,2,1160.16394,2,24.17100143,280.4232425,75.82899857,879.7406975,70.75307095,70.75307095,9.507067163,9.835567931,9.904293959,62.46644874,12.29969513,12.45046093,12.78339519,96.74976305,0.746064473,1.632164244,0.872008229,16
Cyprus,High income,4,1207.360962,2,66.82099915,806.7706582,33.17900085,400.5903038,99.76517318,99.76517318,0,0.234826817,0,99.84576172,0,0.154238284,0,99.72515812,0,0.274841883,0,16
Mauritius,Upper middle income,3,1271.766968,2,40.75999832,518.3721948,59.24000168,753.3947732,99.8662547,99.8662547,0,0.133745301,0,99.82768234,0,0.172317662,0,99.92231522,0,0.077684781,0,16
Timor-Leste,Lower middle income,2,1318.442017,2,31.31999969,412.9360356,68.68000031,905.5059814,85.4956012,85.4956012,1.88586597,8.360029397,4.258503433,80.48779562,2.049364675,11.26233968,6.200500018,96.47695792,1.527338152,1.995703929,0,16
Estonia,High income,4,1326.53894,2,69.22900391,918.3496946,30.77099609,408.1892454,99.59078178,99.59078178,0,0.409218223,0,0,0,0,0,99.98545421,0,0.014545793,0,16
Trinidad and Tobago,High income,4,1399.490967,2,53.2140007,744.725133,46.7859993,654.765834,98.87517077,98.87517077,1.124829231,0,0,0,0,0,0,0,0,0,0,16
Bahrain,High income,4,1701.583008,2,89.50600433,1523.018961,10.49399567,178.5640472,100,100,0,0,0,0,0,0,0,0,0,0,0,16
Latvia,High income,4,1886.202026,2,68.31500244,1288.55896,31.68499756,597.6430659,98.78260115,98.78260115,0.682300742,0.535098104,0,98.57922314,0,1.42077686,0,98.87692469,0.998756815,0.124318491,0,16
Guinea-Bissau,Low income,1,1967.998047,2,44.19599915,869.7764001,55.80400085,1098.221647,59.01691221,59.01691221,14.03457137,26.6263769,0.322139519,49.8319053,9.285773026,40.31645129,0.565870385,70.61434791,20.03063358,9.340625284,0.014393227,16
Slovenia,High income,4,2078.931885,3,55.11800385,1145.865756,44.88199615,933.0661286,99.5,99.5,0,0.5,0,0,0,0,0,0,0,0,0,16
North Macedonia,Upper middle income,3,2083.379883,3,58.48199844,1218.402191,41.51800156,864.9776923,97.74281579,97.74281579,1.63499414,0.574228476,0.047961597,97.46871457,1.505202232,0.910563198,0.11552,97.93740299,1.727136954,0.335460056,0,16
Lesotho,Lower middle income,2,2142.251953,3,29.02799988,621.8528943,70.97200012,1520.399059,72.17603927,72.17603927,10.40592597,12.21725464,5.200780116,63.65035482,13.55843013,15.73132479,7.059890254,93.02090855,2.698211997,3.625530038,0.65534942,16
Gabon,Upper middle income,3,2225.728027,3,90.09200287,2005.202958,9.90799713,220.525069,85.3419306,85.3419306,7.735263103,6.922808357,0,44.74588901,10.51114859,44.7429624,0,89.80653917,7.42998076,2.763480072,0,16
Botswana,Upper middle income,3,2351.625,3,70.8769989,1666.761225,29.1230011,684.8637746,92.21356307,92.21356307,4.72303897,1.732526476,1.330871481,79.04372386,15.15494718,1.596119156,4.20520981,97.62498058,0.436620032,1.788579159,0.149820228,16
Gambia,Low income,1,2416.664063,3,62.58199692,1512.396629,37.41800308,904.2674335,80.94040714,80.94040714,8.597391391,10.35285207,0.109349393,69.18852321,16.49783239,14.24376547,0.069878937,87.96690427,3.873689522,8.026457278,0.132948925,16
Namibia,Upper middle income,3,2540.916016,3,52.03300095,1322.114855,47.96699905,1218.801161,84.27003628,84.27003628,7.08762751,3.740143722,4.902192485,71.25616743,11.97218925,7.081803759,9.689839563,96.26696535,2.584758965,0.659610264,0.488665421,16
Lithuania,High income,4,2722.291016,3,68.04599762,1852.41008,31.95400238,869.880936,98.01334724,98.01334724,0,1.98665276,0,93.78278023,0,6.217219771,0,100,0,0,0,16
Puerto Rico,High income,4,2860.840088,3,93.58100128,2677.202799,6.41899872,183.6372886,100,100,0,0,0,0,0,0,0,0,0,0,0,16
Albania,Upper middle income,3,2877.800049,3,62.11199951,1787.459152,37.88800049,1090.340897,95.06803883,95.06803883,1.884656092,3.047305081,0,94.09135806,2.305264955,3.603376986,0,95.66380912,1.62808683,2.708104054,0,16
Qatar,High income,4,2881.060059,3,99.23500061,2859.019967,0.76499939,22.04009188,99.56810194,99.56810194,0,0.431898064,0,0,0,0,0,0,0,0,0,16
Jamaica,Upper middle income,3,2961.160889,3,56.31100082,1667.459332,43.68899918,1293.701557,91.0299445,91.0299445,5.367570914,1.864010203,1.738474379,85.39991216,8.490737371,2.568971895,3.540378574,95.39801591,2.944456223,1.317064322,0.34046355,16
Armenia,Upper middle income,3,2963.233887,3,63.31299973,1876.112263,36.68700027,1087.121624,99.97118069,99.97118069,0,0.028819308,0,100,0,0,0,99.95448122,0,0.045518784,0,16
Mongolia,Lower middle income,2,3278.291992,4,68.65699768,2250.776857,31.34300232,1027.515135,85.49562527,85.49562527,2.14642893,6.633366714,5.724579081,61.07075114,3.084170572,17.58078116,18.26429713,96.64596558,1.718335079,1.635699341,0,16
Bosnia and Herzegovina,Upper middle income,3,3280.814941,4,49.02000046,1608.255499,50.97999954,1672.559442,96.11389762,96.11389762,3.823663938,0.062438438,0,97.33333333,2.666666667,0,0,94.8457044,5.026922206,0.127373393,0,16
Uruguay,High income,4,3473.727051,4,95.51499939,3317.930372,4.48500061,155.7966794,99.49575756,99.49575756,0.504242441,0,0,95.30083,4.69917,0,0,99.69273444,0.307265562,0,0,16
Georgia,Upper middle income,3,3989.175049,4,59.4529953,2371.684054,40.5470047,1617.490995,97.3481397,97.3481397,0,2.632761379,0.019098923,94.2718842,0,5.703923618,0.024192183,99.44615394,0,0.538220742,0.015625316,16
Republic of Moldova,Upper middle income,3,4033.962891,5,42.84900284,1728.512874,57.15099716,2305.450017,90.56996224,90.56996224,1.519776762,7.910260997,0,85.48103812,1.52256302,12.99639886,0,97.35744448,1.516060408,1.126495111,0,16
Croatia,High income,4,4105.268066,5,57.55299759,2362.704831,42.44700241,1742.563235,0,0,0,0,0,0,0,0,0,100,0,0,0,16
Kuwait,High income,4,4270.562988,5,100,4270.562988,0,0,100,100,0,0,0,0,0,0,0,0,0,0,0,16
Panama,High income,4,4314.768066,5,68.41400146,2951.905488,31.58599854,1362.862578,94.37254436,94.37254436,1.873480592,2.262304247,1.491670799,86.32308326,1.791982583,7.162364342,4.722569811,98.08889267,1.911107333,0,0,16
Mauritania,Lower middle income,2,4649.660156,5,55.32699585,2572.517282,44.67300415,2077.142874,71.68104923,71.68104923,13.47689193,14.82032681,0.021732034,49.9113389,18.49039689,31.5496173,0.048646907,89.25869465,9.428808083,1.31249727,0,16
New Zealand,High income,4,4822.23291,5,86.6989975,4180.82759,13.3010025,641.4053199,100.0000013,100,0,0,0,100,0,0,0,100,0,0,0,16
Central African Republic,Low income,1,4829.76416,5,42.19799805,2038.063786,57.80200195,2791.700374,37.20240205,37.20240205,25.68237348,33.53911377,3.576110708,28.10659415,19.4058899,46.37307301,6.114442944,49.66166495,34.27978009,15.95940214,0.099152817,16
Ireland,High income,4,4937.795898,5,63.65299988,3143.055217,36.34700012,1794.740681,97.39970651,97.39970651,0,2.600293485,0,98.13492075,0,1.865079247,0,96.97988603,0,3.020113966,0,16
Liberia,Low income,1,5057.676758,6,52.08899689,2634.493089,47.91100311,2423.183669,75.26179159,75.26179159,8.700657475,3.488080869,12.54947006,64.10021689,6.537775797,3.383709875,25.97829744,85.52810963,10.69005698,3.58408039,0.197753001,16
Costa Rica,Upper middle income,3,5094.11377,6,80.77099609,4114.566434,19.22900391,979.547336,99.81053693,99.81053693,0.189459475,3.59E-06,0,99.64625,0.35375,0,0,99.84965286,0.150347143,0,0,16
West Bank and Gaza Strip,Lower middle income,2,5101.416016,6,76.71899414,3913.755054,23.28100586,1187.660962,97.88039722,97.88039722,1.029979486,1.089623295,0,98.71555642,0.317400627,0.967042958,0,97.62696443,1.246217358,1.126818208,0,16
Oman,High income,4,5106.62207,6,86.27599335,4405.788918,13.72400665,700.8331525,92.16802469,92.16802469,7.541419893,0.260405204,0.030150217,76.25077991,21.63212113,1.897409218,0.219689738,94.7,5.3,0,0,16
Norway,High income,4,5421.242188,6,82.97399139,4498.221026,17.02600861,923.0211617,99.9999955,99.9999955,0,4.50E-06,0,100,0,0,0,100,0,0,0,16
Slovakia,High income,4,5459.643066,6,53.75999832,2935.104021,46.24000168,2524.539045,99.78769858,99.78769858,0.212301424,0,0,100,0,0,0,99.60509406,0.394905937,0,0,16
Congo,Lower middle income,2,5518.091797,6,67.82900238,3742.866616,32.17099762,1775.225181,73.78451158,73.78451158,10.46117203,9.559180722,6.195135664,45.72441318,10.6323901,24.40516973,19.23802699,87.09329616,10.37996439,2.517789997,0.008949452,16
Finland,High income,4,5540.717773,6,85.51700592,4738.255946,14.48299408,802.4618271,100.0000033,100,0,0,0,100,0,0,0,100,0,0,0,16
Denmark,High income,4,5792.203125,6,88.11600494,5103.857992,11.88399506,688.3451332,100.0000011,100,0,0,0,100,0,0,0,100,0,0,0,16
Singapore,High income,4,5850.342773,6,100,5850.342773,0,0,100,100,0,0,0,0,0,0,0,100,0,0,0,16
Turkmenistan,Upper middle income,3,6031.187012,7,52.51600266,3167.338332,47.48399734,2863.84868,100,100,0,0,0,100,0,0,0,100,0,0,0,16
El Salvador,Lower middle income,2,6486.201172,7,73.44400024,4763.725604,26.55599976,1722.475568,97.94657541,97.94657541,0.207263232,0.315173997,1.530987366,93.45439508,0.780476205,0,5.765128712,99.57087001,0,0.429129994,0,16
Kyrgyzstan,0,0,6524.190918,7,36.85599899,2404.555739,63.14400101,4119.635179,91.69930522,91.69930522,1.900734111,1.8656487,4.534311965,87.258429,2.606070485,2.954593684,7.180906832,99.30769231,0.692307692,0,0,16
Nicaragua,Lower middle income,2,6624.554199,7,59.01200104,3909.281993,40.98799896,2715.272206,81.7087538,81.7087538,1.506645682,13.53053114,3.254069378,59.10744663,3.520974285,29.78017368,7.5914054,97.40695661,0.107552314,2.244007656,0.241483423,16
Lebanon,Lower middle income,2,6825.441895,7,88.92499542,6069.523893,11.07500458,755.9180025,92.6,92.6,7.4,0,0,0,0,0,0,0,0,0,0,16
Libya,Upper middle income,3,6871.287109,7,80.69100189,5544.510411,19.30899811,1326.776698,99.8915238,99.8915238,0,0.108476201,0,0,0,0,0,0,0,0,0,16
Bulgaria,Upper middle income,3,6948.444824,7,75.68599701,5258.999742,24.31400299,1689.445082,99.01141694,99.01141694,0,0.988583061,0,97.40128797,0,2.598712031,0,99.5286704,0,0.471329601,0,16
Paraguay,Upper middle income,3,7132.529785,8,62.18299484,4435.220628,37.81700516,2697.309157,99.59346633,99.59346633,0.406530244,3.42E-06,0,99.11122753,0.888772468,0,0,99.88674854,0.113251464,0,0,16
Lao People's Democratic Republic,Lower middle income,2,7275.556152,8,36.29000092,2640.299394,63.70999908,4635.256758,85.21974318,85.21974318,3.566857739,10.62886799,0.584531094,78.47295942,5.598583786,15.0109696,0.917487196,97.06426222,0,2.935737778,0,16
"China, Hong Kong SAR",High income,4,7496.987793,8,100,7496.987793,0,0,100,100,0,0,0,0,0,0,0,100,0,0,0,16
Sierra Leone,Low income,1,7976.984863,8,42.92300034,3423.96124,57.07699966,4553.023623,63.76628562,63.76628562,9.023316357,15.5639457,11.64645233,52.75270267,5.221136889,23.14294909,18.88321135,78.41163766,14.07927743,5.485735437,2.023349475,16
Togo,Low income,1,8278.737305,9,42.79999924,3543.299504,57.20000076,4735.437801,68.58372009,68.58372009,6.065434765,14.16432245,11.18652269,52.11755275,8.187542019,20.7910842,18.90382103,90.58991001,3.229348056,5.307990528,0.872751405,16
Switzerland,High income,4,8654.618164,9,73.91500092,6397.061096,26.08499908,2257.557068,100.0000028,100,0,0,0,100,0,0,0,100,0,0,0,16
Israel,High income,4,8655.541016,9,92.58699799,8013.905587,7.41300201,641.6354295,100,100,0,0,0,100,0,0,0,100,0,0,0,16
Serbia,Upper middle income,3,8737.370117,9,56.44599915,4931.895862,43.55400085,3805.474255,95.29552932,95.29552932,4.244199279,0.443720478,0.016550926,95.84497475,3.545864028,0.571160287,0.038000931,94.87156989,4.783037865,0.345392245,0,16
Papua New Guinea,Lower middle income,2,8947.027344,9,13.34500027,1193.980823,86.65499973,7753.046521,45.34401752,45.34401752,2.128564452,22.15762495,30.36979308,39.07134367,2.429850293,24.43180086,34.06700517,86.07527164,0.172182261,7.390385564,6.362160532,16
Austria,High income,4,9006.400391,10,58.7480011,5291.080201,41.2519989,3715.32019,100,100,0,0,0,100,0,0,0,100,0,0,0,16
Belarus,Upper middle income,3,9449.321289,10,79.48300171,7510.604202,20.51699829,1938.717087,96.53472608,96.53472608,3.37211955,0.093154368,0,98.56412231,0.995597195,0.440280493,0,96.01087362,3.985572644,0.003553732,0,16
Tajikistan,Lower middle income,2,9537.641602,10,27.50599861,2623.423566,72.49400139,6914.218036,81.85241502,81.85241502,2.568363935,3.421857005,12.15736404,76.6435992,3.207143928,4.140706948,16.00854992,95.58062386,0.884814476,1.527268323,2.007293339,16
Hungary,High income,4,9660.349609,10,71.94200134,6949.848845,28.05799866,2710.500764,99.99999747,99.99999747,0,2.53E-06,0,100,0,0,0,100,0,0,0,16
United Arab Emirates,High income,4,9890.400391,10,87.04799652,8609.395388,12.95200348,1281.005003,99.965596,99.965596,0,0.034404,0,0,0,0,0,0,0,0,0,16
Honduras,Lower middle income,2,9904.608398,10,58.35899734,5780.230152,41.64100266,4124.378246,95.68922113,95.68922113,0.425620609,3.885158264,0,89.87579955,0.806709508,9.317490946,0,99.83728281,0.153701526,0.009015663,0,16
Sweden,High income,4,10099.26953,11,87.97699738,8885.03409,12.02300262,1214.23544,99.82686763,99.82686763,0,0.173132374,0,99.71937474,0,0.280625263,0,99.84155768,0,0.158442316,0,16
Azerbaijan,Upper middle income,3,10139.1748,11,56.39700317,5718.190733,43.60299683,4420.984067,96.04337613,96.04337613,1.04278118,2.913842688,0,90.92579795,2.391535671,6.682666377,0,100,0,0,0,16
Portugal,High income,4,10196.70703,11,66.30999756,6761.436183,33.69000244,3435.270847,99.91199367,99.91199367,0,0.088006334,0,99.73877609,0,0.261223912,0,100,0,0,0,16
Jordan,Upper middle income,3,10203.13965,11,91.41799927,9327.506131,8.58200073,875.6335192,98.94030296,98.94030296,0.146214737,0.85364747,0.059834832,97.31147869,0.623946595,2.024714716,0.03986,99.09321259,0.101366941,0.743710471,0.06171,16
Greece,High income,4,10423.05566,11,79.71500397,8308.739233,20.28499603,2114.316427,100.0000023,100,0,0,0,100,0,0,0,100,0,0,0,16
Czech Republic,High income,4,10708.98242,11,74.06100464,7931.179967,25.93899536,2777.802453,99.88059167,99.88059167,0,0.119408333,0,99.8175993,0,0.182400697,0,99.90265093,0,0.097349068,0,16
Dominican Republic,Upper middle income,3,10847.9043,11,82.54000092,8953.860309,17.45999908,1894.043991,96.68681192,96.68681192,0.46703865,1.269428783,1.576720644,90.30446437,1.385315508,1.115118127,7.195101991,98.03689158,0.272792036,1.302073396,0.388242992,16
South Sudan,Low income,1,11193.72852,12,20.1989994,2261.021157,79.8010006,8932.707363,40.95092717,40.95092717,37.42696287,13.53755519,8.084554762,33.59362881,42.16438068,14.11109616,10.13089435,70.01770445,18.71066092,11.27163464,0,16
Cuba,Upper middle income,3,11326.61621,12,77.19400024,8743.468144,22.80599976,2583.148066,97.00269616,97.00269616,1.471384542,1.252811506,0.273107796,94.38665114,2.591752445,1.905972935,1.115623477,97.77557664,1.1403859,1.059840374,0.024197084,16
Haiti,Lower middle income,2,11402.5332,12,57.08799744,6509.477861,42.91200256,4893.055339,66.6953084,66.6953084,9.814543652,23.49014795,0,42.8457001,13.25598695,43.89831295,0,84.62262129,7.227673879,8.149704835,0,16
Belgium,High income,4,11589.61621,12,98.07899475,11366.97907,1.92100525,222.6371358,99.99999645,99.99999645,0,3.55E-06,0,100,0,0,0,100,0,0,0,16
Bolivia (Plurinational State of),Lower middle income,2,11673.0293,12,70.1230011,8185.478464,29.8769989,3487.550836,93.39007163,93.39007163,0.13659053,1.575010843,4.898326997,79.93664283,0.244736408,3.954133693,15.86448707,99.12211832,0.090513289,0.561345381,0.226023011,16
Tunisia,Lower middle income,2,11818.61816,12,69.56800079,8221.976375,30.43199921,3596.641785,97.54330899,97.54330899,1.63135067,0.825340338,0,93.93623193,3.351687357,2.71208071,0,99.12119763,0.878802368,0,0,16
Burundi,Low income,1,11890.78125,12,13.70800018,1629.988315,86.29199982,10260.79293,62.20712225,62.20712225,19.43969314,14.75825969,3.594924913,57.68576527,21.25148213,16.89675238,4.166000219,90.66911086,8.034462869,1.296426269,0,16
Benin,Lower middle income,2,12123.19824,13,48.4149971,5869.446076,51.5850029,6253.752164,65.41412299,65.41412299,9.317535586,21.97254088,3.295800547,58.05226799,12.70520504,23.97796833,5.264558634,73.25800004,0,19.83580681,1.198136794,16
Rwanda,Low income,1,12952.20898,13,17.43200111,2257.829213,82.56799889,10694.37977,60.41450115,60.41450115,22.3207193,13.15480415,4.109975401,55.64246823,25.08014133,14.77886772,4.498522714,5.708056353,9.250506251,5.462303057,2.269591394,16
Guinea,Low income,1,13132.79199,14,36.875,4842.717046,63.125,8290.074944,63.96178874,63.96178874,21.2815915,6.296119406,8.460500354,50.74817899,26.14432944,9.704719143,13.40277243,83.0175993,12.95724153,0.461068398,0,16
Zimbabwe,Lower middle income,2,14862.92676,15,32.24200058,4792.104932,67.75799942,10070.82183,62.66645761,62.66645761,14.1975397,16.27785545,6.858147242,48.28242885,18.59098467,23.01364655,10.11293992,86.58169007,4.964517757,2.122298674,0.018054615,16
Somalia,Low income,1,15893.21875,16,46.14099884,7333.289879,53.85900116,8559.928871,56.47697339,56.47697339,27.70419956,13.41704303,2.401784021,37.07586282,36.64324958,21.82149546,4.459392143,92.89512895,17.26991556,3.606778703,0,16
Chad,Low income,1,16425.85938,17,23.52000046,3863.362202,76.47999954,12562.49718,46.18753479,46.18753479,14.74028929,31.56245714,7.509718784,37.57521525,14.35396111,38.52496761,9.545856027,79.12330574,15.99651381,8.922452721,0.888810384,16
Cambodia,Lower middle income,2,16718.9707,17,24.23200035,4051.341039,75.76799965,12667.62966,71.21988497,71.21988497,13.90222204,5.677218558,9.200674434,65.06715583,15.51772278,7.492899307,11.92222209,74.19222309,8.85091472,0,0.691008114,16
Senegal,Lower middle income,2,16743.92969,17,48.12200165,8057.514122,51.87799835,8686.415568,84.90523779,84.90523779,2.387217509,12.60781566,0.09972904,75.2429282,4.052382433,20.51245174,0.192237631,90.45807717,0.592083657,4.086215402,0,16
Netherlands,High income,4,17134.87305,18,92.23600006,15804.52152,7.76399994,1330.351533,99.99999929,99.99999929,0,7.12E-07,0,100,0,0,0,95.32170094,0,0,0,16
Syrian Arab Republic,Low income,1,17500.65625,18,55.47500229,9708.489455,44.52499771,7792.166795,93.92585718,93.92585718,5.873730768,0.200412054,0,92.082745,7.917255,0,0,100,4.233570117,0.361265525,0,16
Ecuador,Upper middle income,3,17643.06055,18,64.16600037,11320.8463,35.83399963,6322.214252,95.35976356,95.35976356,0.003451463,2.604485389,2.032299589,87.05074495,0.009631811,7.26819549,5.671427747,95.40516436,0,0,0,16
Guatemala,Upper middle income,3,17915.56641,18,51.83599854,9286.712743,48.16400146,8628.853667,94.00642827,94.00642827,1.034150511,3.215911815,1.743509404,90.1193298,1.849169999,4.583438691,3.448061508,100,0.276866006,1.94525887,0.159705685,16
Zambia,Low income,1,18383.95508,19,44.6289978,8204.574908,55.3710022,10179.38017,65.41238357,65.41238357,6.15393902,21.57684071,6.856836706,48.22728833,8.331703613,31.60865444,11.83235362,97.61816944,3.451996194,9.130414105,0.683735046,16
Kazakhstan,Upper middle income,3,18776.70703,19,57.67100143,10828.71498,42.32899857,7947.99205,95.43497032,95.43497032,1.941425039,2.545956934,0.077647705,91.93925234,1.862616064,6.014693049,0.183438544,86.73385466,1.999268673,0,0,16
Chile,High income,4,19116.20898,20,87.72699738,16770.07615,12.27300262,2346.132829,99.99999872,99.99999872,0,1.28E-06,0,100,0,0,0,98.00073133,0,0,0,16
Malawi,Low income,1,19129.95508,20,17.42700005,3333.777281,82.57299995,15796.1778,70.04772851,70.04772851,21.95081497,5.776304407,2.22515211,66.58504376,24.41415803,6.383874146,2.616924066,100,10.27894825,2.897503996,0.368849545,16
Romania,High income,4,19237.68164,20,54.19400024,10425.66923,45.80599976,8812.012406,100,100,0,0,0,100,0,0,0,86.45469821,0,0,0,16
Mali,Low income,1,20250.83398,21,43.90900421,8891.939545,56.09099579,11358.89444,82.54729103,82.54729103,3.854734527,12.24697135,1.35100309,72.08089521,3.78241223,21.72810084,2.408591717,100,3.947121723,0.135423531,0,16
Burkina Faso,Low income,1,20903.27734,21,30.60700035,6397.866169,69.39299965,14505.41117,47.21485446,47.21485446,31.2730034,21.15863263,0.353509502,32.7182589,38.62690254,28.3404457,0.314392863,95.91745475,14.60004919,4.875836487,0.442195781,16
Sri Lanka,Lower middle income,2,21413.25,22,18.71299934,4007.061331,81.28700066,17406.18867,92.22757937,92.22757937,0.59545815,5.348927064,1.82803542,90.5374357,0.703209904,6.510488612,2.248865782,80.08191854,0.12739779,0.30322202,0,16
Niger,Low income,1,24206.63672,25,16.62599945,4024.595288,83.37400055,20182.04143,46.91179747,46.91179747,21.6538987,27.02751244,4.406791392,39.15415932,23.98774039,31.99150648,4.866593813,99.56938019,9.950440829,2.13468778,2.101031634,16
Australia,High income,4,25499.88086,26,86.24099731,21991.35157,13.75900269,3508.529293,99.96981182,99.96981182,0,0.030188179,0,100,0,0,0,85.81383976,0,0.035,0,16
Democratic People's Republic of Korea,Low income,1,25778.81445,26,62.38100052,16081.08238,37.61899948,9697.732074,93.84384303,93.84384303,0.683131187,5.20969278,0.263333006,88.75362488,0.356440261,10.18993486,0.7,99.965,0.88014288,2.206346677,0,16
CÃ´te d'Ivoire,Lower middle income,2,26378.27539,27,51.70599747,13639.15041,48.29400253,12739.12498,70.90907039,70.90907039,8.935421702,14.19244161,5.963066293,55.72244686,13.34316829,23.17527956,7.759105289,96.91351044,4.818535156,5.80236656,4.285544994,16
Cameroon,Lower middle income,2,26545.86328,27,57.56000519,15279.80028,42.43999481,11266.063,65.72041818,65.72041818,12.87474863,15.00100626,6.403826927,43.52758112,12.67259943,30.12380645,13.676013,85.09355329,13.02379677,3.850701351,1.041917019,16
Madagascar,Low income,1,27691.01953,28,38.5340004,10670.45758,61.4659996,17020.56195,53.38588491,53.38588491,2.71797298,32.31145967,11.58468244,36.40642028,1.601776163,43.95389345,18.03791011,82.08358486,4.498430298,13.74049434,1.291068417,16
Venezuela (Bolivarian Republic of),0,0,28435.94336,29,88.27899933,25102.96625,11.72100067,3332.977112,93.68580071,93.68580071,0.470782918,5.843416373,0,0,0,0,0,80.47000694,0,0,0,16
Nepal,Lower middle income,2,29136.80859,30,20.57600021,5995.189797,79.42399979,23141.61879,90.07454179,90.07454179,3.979825725,4.699081176,1.246551314,90.20327165,4.207348246,4.269023951,1.320356149,0,3.101581411,6.359123168,0.961662259,16
Yemen,Low income,1,29825.96875,30,37.90799713,11306.42738,62.09200287,18519.54137,60.66356984,60.66356984,28.9627418,7.77785276,2.595835594,50.68133437,33.53021373,11.60782393,4.180627978,89.57763316,21.48137937,1.504491286,0,16
Ghana,Lower middle income,2,31072.94531,32,57.34899902,17820.0231,42.65100098,13252.92221,85.79099665,85.79099665,6.586062113,2.812216176,4.810725058,71.89275005,11.93454827,4.999356483,11.17334519,77.01412934,2.608342455,1.185613803,0.078784218,16
Mozambique,Low income,1,31255.43555,32,37.0739975,11587.63939,62.9260025,19667.79616,63.36942563,63.36942563,9.975784507,16.72614511,9.928644759,48.8666865,12.64088359,23.6862564,14.80617352,96.12725952,5.452291027,4.912684644,1.649976404,16
Malaysia,Upper middle income,3,32365.99805,33,77.15999603,24973.60281,22.84000397,7392.39524,97.09990707,97.09990707,0.354539687,2.545553241,0,90.19744812,0.544451397,9.258100478,0,87.98504792,0.298324261,0.468579832,0.09,16
Angola,Lower middle income,2,32866.26953,33,66.82499695,21962.88361,33.17500305,10903.38592,57.16773762,57.16773762,9.287349919,19.45082534,14.09408712,27.80822661,8.740488389,22.93315258,40.51813242,99.14309591,9.558837489,17.72203473,0.975979163,16
Peru,Upper middle income,3,32971.84766,33,78.2970047,25815.96911,21.7029953,7155.878548,93.13936621,93.13936621,0.849559351,4.150468349,1.860606087,80.79943849,1.596943771,9.612691163,7.990926578,71.74314862,0.642393236,2.636408693,0.161353995,16
Uzbekistan,Lower middle income,2,33469.19922,34,50.41599655,16873.83032,49.58400345,16595.3689,97.82878485,97.82878485,0,0.22384422,1.947370925,96.07258236,0,0,3.927417637,96.55984408,0,0.443994443,0,16
Saudi Arabia,High income,4,34813.86719,35,84.28700256,29343.56513,15.71299744,5470.30206,100,100,0,0,0,0,0,0,0,99.55600556,0,0,0,16
Morocco,Lower middle income,2,36910.55859,37,63.53199768,23450.01523,36.46800232,13460.54336,90.40234468,90.40234468,5.263549601,2.8776725,1.456433219,77.34612896,12.03707816,6.623063373,3.993729502,0,1.375477117,0.727776876,0,16
Canada,High income,4,37742.15625,38,81.56200409,30783.25902,18.43799591,6958.897226,99.22181066,99.22181066,0,0.778189337,0,99.0604959,0,0.939504101,0,97.89674601,0,0.741722337,0,16
Poland,High income,4,37846.60547,38,60.04300308,22724.23849,39.95699692,15122.36698,99.96659155,99.96659155,0,0.033408445,0,100,0,0,0,99.25827766,0,0.055645161,0,16
Afghanistan,Low income,1,38928.33984,39,26.02599907,10131.48936,73.97400093,28796.85048,75.09141325,75.09141325,1.447541688,14.56026288,8.900782174,66.32791521,1.956824851,19.68294895,12.03231098,99.94435484,0,0,0,16
Iraq,Upper middle income,3,40222.50391,41,70.89299774,28514.93879,29.10700226,11707.56512,98.35990325,98.35990325,0.89216035,2.43E-06,0.747933971,94.83114678,2.599251339,0,2.569601877,100,0.19126897,0,0,16
Ukraine,Lower middle income,2,43733.75781,44,69.60800171,30442.19488,30.39199829,13291.56293,93.92828195,93.92828195,5.671978717,0.075904501,0.323834836,100,0,0,0,99.80873103,8.14845779,0.109045653,0.465226445,16
Sudan,Low income,1,43849.26953,44,35.25299835,15458.18226,64.74700165,28391.08727,60.4486756,60.4486756,26.67001975,3.650217875,9.231086774,53.19902707,27.45764451,5.637660008,13.70566842,91.27727011,25.22343986,0,1.012900581,16
Algeria,Lower middle income,2,43851.04297,44,73.73300171,32332.69026,26.26699829,11518.35271,94.43732996,94.43732996,4.985880842,0.531836664,0.044952533,90.03753791,8.79672214,0.994603028,0.171136926,73.76365956,3.628288591,0.366975548,0,16
Argentina,Upper middle income,3,45195.77734,46,92.11100006,41630.28249,7.88899994,3565.494847,0,0,0,0,0,0,0,0,0,96.00473586,0,0.20957935,0,16
Uganda,Low income,1,45741,46,24.95400047,11414.20935,75.04599953,34326.79065,55.85504921,55.85504921,27.28286,12.16590654,4.696184252,48.23118958,31.78469426,14.07616061,5.907955546,99.79042065,13.74416783,6.421044133,1.051936238,16
Spain,High income,4,46754.78125,47,80.80999756,37782.53759,19.19000244,8972.243663,99.92561261,99.92561261,0,0.074387391,0,100,0,0,0,78.7828518,0,0.092054795,0,16
Colombia,Upper middle income,3,50882.88281,51,81.42499542,41431.385,18.57500458,9451.497812,97.49165711,97.49165711,0.186152159,0.953616223,1.368574512,86.76707282,0.731228202,5.13386897,7.367830005,99.90794521,0.0618072,0,0,16
Republic of Korea,High income,4,51269.18359,52,81.41400146,41740.29388,18.58599854,9528.889714,99.93139665,99.93139665,0,0.068603353,0,0,0,0,0,99.9381928,0,0,0,16
Kenya,Lower middle income,2,53771.30078,54,27.99499893,15053.27508,72.00500107,38718.0257,61.63289158,61.63289158,9.54187005,9.780087524,19.04515084,51.77997893,11.56900419,12.51911322,24.13190366,0,4.327944725,2.73514263,5.961681193,16
Myanmar,Lower middle income,2,54409.79297,55,31.14100075,16943.75404,68.85899925,37466.03893,83.71819191,83.71819191,1.595436949,5.10942478,9.576946362,78.42256469,2.316962142,6.592393694,12.66807947,86.97523145,0,1.830283006,2.741830931,16
South Africa,Upper middle income,3,59308.69141,60,67.35400391,39946.77833,32.64599609,19361.91308,93.88505744,93.88505744,2.772736186,1.410816657,1.931389712,83.32948118,6.977359359,3.776999287,5.916160173,95.42788606,0.734785403,0.263949755,0,16
United Republic of Tanzania,Lower middle income,2,59734.21484,60,35.22700119,21042.57257,64.77299881,38691.64227,60.71679759,60.71679759,11.29007067,14.51775136,13.47538038,45.44696534,13.98368881,21.21996133,19.34938452,99.00126484,6.337231166,2.194178786,2.674665152,16
Italy,High income,4,60461.82813,61,71.03899384,42951.47436,28.96100616,17510.35377,99.91703407,99.91703407,0,0.082965926,0,0,0,0,0,88.7939249,0,0,0,16
France,High income,4,65273.51172,66,80.97499847,52855.22512,19.02500153,12418.2866,99.9999985,99.9999985,0,1.50E-06,0,100,0,0,0,0,0,0,0,16
United Kingdom,High income,4,67886.00781,68,83.90299988,56958.39705,16.09700012,10927.61076,99.99999856,99.99999856,0,1.44E-06,0,100,0,0,0,100,0,0,0,16
Thailand,Upper middle income,3,69799.97656,70,51.43000031,35898.12816,48.56999969,33901.8484,100,100,0,0,0,100,0,0,0,100,0,0,0,16
Germany,High income,4,83783.94531,84,77.45300293,64893.18162,22.54699707,18890.76369,100.0000023,100,0,0,0,100,0,0,0,100,0,0,0,16
Iran (Islamic Republic of),Lower middle income,2,83992.95313,84,75.87400055,63728.81372,24.12599945,20264.13941,97.48263633,97.48263633,1.938311229,0.513797363,0.065255082,93.82873538,4.297948765,1.602839669,0.270476191,100,1.188006671,0.167506608,0,16
Turkey,Upper middle income,3,84339.07031,85,76.10500336,64186.25229,23.89499664,20152.81802,97.01426916,97.01426916,2.023078075,0.737674955,0.224977809,96.02516977,2.684574639,0.788255591,0.502,98.64448672,1.815385203,0.721796963,0.138,16
Democratic Republic of the Congo,Lower middle income,2,89561.40625,90,45.63800049,40874.03502,54.36199951,48687.37123,45.95212696,45.95212696,13.44122447,32.54231607,8.064332495,21.98279234,12.68294146,51.21598167,14.11828453,97.32481783,14.34445818,10.29905862,0.853128413,16
Viet Nam,Lower middle income,2,97338.58594,98,37.34000015,36346.22814,62.65999985,60992.3578,96.88435687,96.88435687,0,3.115643126,0,95.51453844,0,4.48546156,0,74.50335478,0,0.816959987,0,16
Egypt,Lower middle income,2,102334.4063,103,42.78300095,43781.73002,57.21699905,58552.67628,99.44017596,99.44017596,0.237609109,0.322214927,0,99.33283515,0.335941822,0.331223032,0,99.18304001,0.106101207,0.310167694,0,16
Philippines,Lower middle income,2,109581.0859,110,47.40799713,51950.19806,52.59200287,57630.88784,94.10903456,94.10903456,2.856486137,3.034479307,0,91.06193322,3.959520428,4.978546347,0,99.5837311,1.632836465,0.877831036,0,16
Ethiopia,Low income,1,114963.5859,115,21.69499969,24941.3496,78.30500031,90022.2363,49.61557274,49.61557274,26.74071964,18.63506013,5.008647486,40.03013919,30.18668334,23.49561327,6.287564203,97.4893325,14.30300858,1.091582355,0.392580896,16
Japan,High income,4,126476.4609,127,91.78199768,116082.6224,8.21800232,10393.83849,99.07891245,99.07891245,0,0.921087547,0,0,0,0,0,84.21282816,0,0,0,16
Mexico,Upper middle income,3,128932.75,129,80.73099518,104088.6922,19.26900482,24844.05781,99.67956828,99.67956828,0,0.320431717,0,98.33706893,0,1.662931067,0,0,0,0,0,16
Russian Federation,Upper middle income,3,145934.4531,146,74.75400543,109091.849,25.24599457,36842.60411,96.99254807,96.99254807,0.621996377,2.38545555,0,91.54410196,1.583163513,6.872734531,0,100,0.297389969,0.670010424,0.2,16
Bangladesh,Lower middle income,2,164689.3906,165,38.17700195,62873.47186,61.82299805,101815.9187,97.69796025,97.69796025,1.156425878,0.4626557,0.682958174,97.88023776,0.85810498,0.316480241,0.945177015,98.83259961,1.639520121,0.699375215,0.258326693,16
Nigeria,Lower middle income,2,206139.5938,207,51.95800018,107106.0105,48.04199982,99033.58328,77.60905338,77.60905338,4.979399343,11.79691148,5.614635794,61.65821003,7.128924583,20.92487535,10.28799004,97.40277797,2.99188065,3.356908786,1.29350537,16
Brazil,Upper middle income,3,212559.4063,213,87.07299805,185081.8477,12.92700195,27477.5586,99.32085299,99.32085299,0.126549004,0.55259801,0,95.94525953,0.978950915,3.075789551,0,92.35770519,0,0.177998695,0,16
Pakistan,Lower middle income,2,220892.3281,221,37.16500092,82094.63577,62.83499908,138797.6923,90.14896508,90.14896508,3.822279525,4.413307574,1.61544782,88.59986076,3.852278117,5.174596509,2.373264617,99.82200131,3.771561162,3.126184571,0.334204422,16
Indonesia,Lower middle income,2,273523.625,274,56.64099884,154926.5133,43.35900116,118597.1117,92.41534961,92.41534961,0.855474634,5.553871666,1.175304087,85.66796238,1.17809123,10.61491462,2.539031772,92.76804985,0.608509835,1.679615139,0.131362959,16
United States of America,High income,4,331002.6563,332,82.66400146,273620.0406,17.33599854,57382.61566,99.88352668,99.88352668,0,0.116473318,0,99.67078734,0,0.329212663,0,97.58051207,0,0.07185553,0,16
India,Lower middle income,2,1380004.375,1381,34.9260025,481980.3625,65.0739975,898024.0125,90.48952503,90.48952503,4.983602562,3.963153945,0.563718463,88.78250313,5.902210054,4.57637573,0.738911086,99.92814447,3.272056027,2.820607523,0.237300154,16
China,Upper middle income,3,1463140.5,1464,61.71308899,902949.1988,38.28691101,560191.3012,94.26111059,94.26111059,0.81472133,4.725451938,0.198716144,89.66123351,1.832679086,8.506087409,0,93.6700363,0.183178493,2.37993884,0.322,16
,,,,,,,,,,,,,,,,,,97.11488267,,,,